scientific_name,common_name,version_year,region_name,season_name,start_dt,end_dt,Percent of the total population,State Latitude,State Longitude
Charadrius vociferus,Killdeer,2019,Alberta,breeding,4/26/18,6/28/18,0.0266,55,-115
Charadrius vociferus,Killdeer,2019,Alberta,nonbreeding,12/21/18,1/25/18,0,55,-115
Charadrius vociferus,Killdeer,2019,Alberta,postbreeding_migration,7/13/18,12/14/18,0.0143,55,-115
Charadrius vociferus,Killdeer,2019,Alberta,prebreeding_migration,2/1/18,4/19/18,0.0058,55,-115
Charadrius vociferus,Killdeer,2019,British Columbia,breeding,4/26/18,6/28/18,0.0037,53.726669,-127.647621
Charadrius vociferus,Killdeer,2019,British Columbia,nonbreeding,12/21/18,1/25/18,8.00E-04,53.726669,-127.647621
Charadrius vociferus,Killdeer,2019,British Columbia,postbreeding_migration,7/13/18,12/14/18,0.0011,53.726669,-127.647621
Charadrius vociferus,Killdeer,2019,British Columbia,prebreeding_migration,2/1/18,4/19/18,0.003,53.726669,-127.647621
Charadrius vociferus,Killdeer,2019,Manitoba,breeding,4/26/18,6/28/18,0.036,53.76086,-98.813873
Charadrius vociferus,Killdeer,2019,Manitoba,nonbreeding,12/21/18,1/25/18,0,53.76086,-98.813873
Charadrius vociferus,Killdeer,2019,Manitoba,postbreeding_migration,7/13/18,12/14/18,0.0098,53.76086,-98.813873
Charadrius vociferus,Killdeer,2019,Manitoba,prebreeding_migration,2/1/18,4/19/18,0.0034,53.76086,-98.813873
Charadrius vociferus,Killdeer,2019,New Brunswick,breeding,4/26/18,6/28/18,2.00E-04,46.49839,-66.159668
Charadrius vociferus,Killdeer,2019,New Brunswick,nonbreeding,12/21/18,1/25/18,0,46.49839,-66.159668
Charadrius vociferus,Killdeer,2019,New Brunswick,postbreeding_migration,7/13/18,12/14/18,0,46.49839,-66.159668
Charadrius vociferus,Killdeer,2019,New Brunswick,prebreeding_migration,2/1/18,4/19/18,0,46.49839,-66.159668
Charadrius vociferus,Killdeer,2019,Newfoundland and Labrador,breeding,4/26/18,6/28/18,0,53,-60
Charadrius vociferus,Killdeer,2019,Newfoundland and Labrador,nonbreeding,12/21/18,1/25/18,0,53,-60
Charadrius vociferus,Killdeer,2019,Newfoundland and Labrador,postbreeding_migration,7/13/18,12/14/18,0,53,-60
Charadrius vociferus,Killdeer,2019,Newfoundland and Labrador,prebreeding_migration,2/1/18,4/19/18,0,53,-60
Charadrius vociferus,Killdeer,2019,Nova Scotia,breeding,4/26/18,6/28/18,0,45,-63
Charadrius vociferus,Killdeer,2019,Nova Scotia,nonbreeding,12/21/18,1/25/18,0,45,-63
Charadrius vociferus,Killdeer,2019,Nova Scotia,postbreeding_migration,7/13/18,12/14/18,0,45,-63
Charadrius vociferus,Killdeer,2019,Nova Scotia,prebreeding_migration,2/1/18,4/19/18,0,45,-63
Charadrius vociferus,Killdeer,2019,Northwest Territories,breeding,4/26/18,6/28/18,0.0021,64.8255,-124.8457
Charadrius vociferus,Killdeer,2019,Northwest Territories,nonbreeding,12/21/18,1/25/18,0,64.8255,-124.8457
Charadrius vociferus,Killdeer,2019,Northwest Territories,postbreeding_migration,7/13/18,12/14/18,3.00E-04,64.8255,-124.8457
Charadrius vociferus,Killdeer,2019,Northwest Territories,prebreeding_migration,2/1/18,4/19/18,0,64.8255,-124.8457
Charadrius vociferus,Killdeer,2019,Nunavut,breeding,4/26/18,6/28/18,2.00E-04,70.453262,-86.798981
Charadrius vociferus,Killdeer,2019,Nunavut,nonbreeding,12/21/18,1/25/18,0,70.453262,-86.798981
Charadrius vociferus,Killdeer,2019,Nunavut,postbreeding_migration,7/13/18,12/14/18,0,70.453262,-86.798981
Charadrius vociferus,Killdeer,2019,Nunavut,prebreeding_migration,2/1/18,4/19/18,0,70.453262,-86.798981
Charadrius vociferus,Killdeer,2019,Ontario,breeding,4/26/18,6/28/18,0.0186,50,-85
Charadrius vociferus,Killdeer,2019,Ontario,nonbreeding,12/21/18,1/25/18,0,50,-85
Charadrius vociferus,Killdeer,2019,Ontario,postbreeding_migration,7/13/18,12/14/18,0.0125,50,-85
Charadrius vociferus,Killdeer,2019,Ontario,prebreeding_migration,2/1/18,4/19/18,0.0072,50,-85
Charadrius vociferus,Killdeer,2019,Prince Edward Island,breeding,4/26/18,6/28/18,0,46.25,-63
Charadrius vociferus,Killdeer,2019,Prince Edward Island,nonbreeding,12/21/18,1/25/18,0,46.25,-63
Charadrius vociferus,Killdeer,2019,Prince Edward Island,postbreeding_migration,7/13/18,12/14/18,0,46.25,-63
Charadrius vociferus,Killdeer,2019,Prince Edward Island,prebreeding_migration,2/1/18,4/19/18,0,46.25,-63
Charadrius vociferus,Killdeer,2019,Quí©bec,breeding,4/26/18,6/28/18,0.0061,53,-70
Charadrius vociferus,Killdeer,2019,Quí©bec,nonbreeding,12/21/18,1/25/18,0,53,-70
Charadrius vociferus,Killdeer,2019,Quí©bec,postbreeding_migration,7/13/18,12/14/18,0.0023,53,-70
Charadrius vociferus,Killdeer,2019,Quí©bec,prebreeding_migration,2/1/18,4/19/18,0.0017,53,-70
Charadrius vociferus,Killdeer,2019,Saskatchewan,breeding,4/26/18,6/28/18,0.0656,55,-106
Charadrius vociferus,Killdeer,2019,Saskatchewan,nonbreeding,12/21/18,1/25/18,0,55,-106
Charadrius vociferus,Killdeer,2019,Saskatchewan,postbreeding_migration,7/13/18,12/14/18,0.0292,55,-106
Charadrius vociferus,Killdeer,2019,Saskatchewan,prebreeding_migration,2/1/18,4/19/18,0.0068,55,-106
Charadrius vociferus,Killdeer,2019,Yukon,breeding,4/26/18,6/28/18,0,64,-135
Charadrius vociferus,Killdeer,2019,Yukon,nonbreeding,12/21/18,1/25/18,0,64,-135
Charadrius vociferus,Killdeer,2019,Yukon,postbreeding_migration,7/13/18,12/14/18,0,64,-135
Charadrius vociferus,Killdeer,2019,Yukon,prebreeding_migration,2/1/18,4/19/18,0,64,-135
Charadrius vociferus,Killdeer,2019,Alaska,breeding,4/26/18,6/28/18,0,66.160507,-153.369141
Charadrius vociferus,Killdeer,2019,Alaska,nonbreeding,12/21/18,1/25/18,1.00E-04,66.160507,-153.369141
Charadrius vociferus,Killdeer,2019,Alaska,postbreeding_migration,7/13/18,12/14/18,0,66.160507,-153.369141
Charadrius vociferus,Killdeer,2019,Alaska,prebreeding_migration,2/1/18,4/19/18,1.00E-04,66.160507,-153.369141
Charadrius vociferus,Killdeer,2019,Alabama,breeding,4/26/18,6/28/18,0.0047,32.31823,-86.902298
Charadrius vociferus,Killdeer,2019,Alabama,nonbreeding,12/21/18,1/25/18,0.0371,32.31823,-86.902298
Charadrius vociferus,Killdeer,2019,Alabama,postbreeding_migration,7/13/18,12/14/18,0.0149,32.31823,-86.902298
Charadrius vociferus,Killdeer,2019,Alabama,prebreeding_migration,2/1/18,4/19/18,0.0201,32.31823,-86.902298
Charadrius vociferus,Killdeer,2019,Arkansas,breeding,4/26/18,6/28/18,0.0245,34.799999,-92.199997
Charadrius vociferus,Killdeer,2019,Arkansas,nonbreeding,12/21/18,1/25/18,0.0818,34.799999,-92.199997
Charadrius vociferus,Killdeer,2019,Arkansas,postbreeding_migration,7/13/18,12/14/18,0.0496,34.799999,-92.199997
Charadrius vociferus,Killdeer,2019,Arkansas,prebreeding_migration,2/1/18,4/19/18,0.0593,34.799999,-92.199997
Charadrius vociferus,Killdeer,2019,Arizona,breeding,4/26/18,6/28/18,0.0038,34.048927,-111.093735
Charadrius vociferus,Killdeer,2019,Arizona,nonbreeding,12/21/18,1/25/18,0.0066,34.048927,-111.093735
Charadrius vociferus,Killdeer,2019,Arizona,postbreeding_migration,7/13/18,12/14/18,0.0077,34.048927,-111.093735
Charadrius vociferus,Killdeer,2019,Arizona,prebreeding_migration,2/1/18,4/19/18,0.0059,34.048927,-111.093735
Charadrius vociferus,Killdeer,2019,California,breeding,4/26/18,6/28/18,0.0244,36.778259,-119.417931
Charadrius vociferus,Killdeer,2019,California,nonbreeding,12/21/18,1/25/18,0.0489,36.778259,-119.417931
Charadrius vociferus,Killdeer,2019,California,postbreeding_migration,7/13/18,12/14/18,0.0278,36.778259,-119.417931
Charadrius vociferus,Killdeer,2019,California,prebreeding_migration,2/1/18,4/19/18,0.0374,36.778259,-119.417931
Charadrius vociferus,Killdeer,2019,Colorado,breeding,4/26/18,6/28/18,0.0221,39.113014,-105.358887
Charadrius vociferus,Killdeer,2019,Colorado,nonbreeding,12/21/18,1/25/18,1.00E-04,39.113014,-105.358887
Charadrius vociferus,Killdeer,2019,Colorado,postbreeding_migration,7/13/18,12/14/18,0.0143,39.113014,-105.358887
Charadrius vociferus,Killdeer,2019,Colorado,prebreeding_migration,2/1/18,4/19/18,0.0112,39.113014,-105.358887
Charadrius vociferus,Killdeer,2019,Connecticut,breeding,4/26/18,6/28/18,6.00E-04,41.599998,-72.699997
Charadrius vociferus,Killdeer,2019,Connecticut,nonbreeding,12/21/18,1/25/18,0,41.599998,-72.699997
Charadrius vociferus,Killdeer,2019,Connecticut,postbreeding_migration,7/13/18,12/14/18,4.00E-04,41.599998,-72.699997
Charadrius vociferus,Killdeer,2019,Connecticut,prebreeding_migration,2/1/18,4/19/18,5.00E-04,41.599998,-72.699997
Charadrius vociferus,Killdeer,2019,Delaware,breeding,4/26/18,6/28/18,4.00E-04,39,-75.5
Charadrius vociferus,Killdeer,2019,Delaware,nonbreeding,12/21/18,1/25/18,0.0011,39,-75.5
Charadrius vociferus,Killdeer,2019,Delaware,postbreeding_migration,7/13/18,12/14/18,0.001,39,-75.5
Charadrius vociferus,Killdeer,2019,Delaware,prebreeding_migration,2/1/18,4/19/18,7.00E-04,39,-75.5
Charadrius vociferus,Killdeer,2019,Florida,breeding,4/26/18,6/28/18,0.0083,27.994402,-81.760254
Charadrius vociferus,Killdeer,2019,Florida,nonbreeding,12/21/18,1/25/18,0.0609,27.994402,-81.760254
Charadrius vociferus,Killdeer,2019,Florida,postbreeding_migration,7/13/18,12/14/18,0.0167,27.994402,-81.760254
Charadrius vociferus,Killdeer,2019,Florida,prebreeding_migration,2/1/18,4/19/18,0.0276,27.994402,-81.760254
Charadrius vociferus,Killdeer,2019,Georgia,breeding,4/26/18,6/28/18,0.0064,33.247875,-83.441162
Charadrius vociferus,Killdeer,2019,Georgia,nonbreeding,12/21/18,1/25/18,0.0516,33.247875,-83.441162
Charadrius vociferus,Killdeer,2019,Georgia,postbreeding_migration,7/13/18,12/14/18,0.0176,33.247875,-83.441162
Charadrius vociferus,Killdeer,2019,Georgia,prebreeding_migration,2/1/18,4/19/18,0.0291,33.247875,-83.441162
Charadrius vociferus,Killdeer,2019,Hawaii,breeding,4/26/18,6/28/18,0,19.741755,-155.844437
Charadrius vociferus,Killdeer,2019,Hawaii,nonbreeding,12/21/18,1/25/18,0,19.741755,-155.844437
Charadrius vociferus,Killdeer,2019,Hawaii,postbreeding_migration,7/13/18,12/14/18,0,19.741755,-155.844437
Charadrius vociferus,Killdeer,2019,Hawaii,prebreeding_migration,2/1/18,4/19/18,0,19.741755,-155.844437
Charadrius vociferus,Killdeer,2019,Iowa,breeding,4/26/18,6/28/18,0.028,42.032974,-93.581543
Charadrius vociferus,Killdeer,2019,Iowa,nonbreeding,12/21/18,1/25/18,0,42.032974,-93.581543
Charadrius vociferus,Killdeer,2019,Iowa,postbreeding_migration,7/13/18,12/14/18,0.027,42.032974,-93.581543
Charadrius vociferus,Killdeer,2019,Iowa,prebreeding_migration,2/1/18,4/19/18,0.0225,42.032974,-93.581543
Charadrius vociferus,Killdeer,2019,Idaho,breeding,4/26/18,6/28/18,0.0105,44.068203,-114.742043
Charadrius vociferus,Killdeer,2019,Idaho,nonbreeding,12/21/18,1/25/18,0,44.068203,-114.742043
Charadrius vociferus,Killdeer,2019,Idaho,postbreeding_migration,7/13/18,12/14/18,0.0058,44.068203,-114.742043
Charadrius vociferus,Killdeer,2019,Idaho,prebreeding_migration,2/1/18,4/19/18,0.0067,44.068203,-114.742043
Charadrius vociferus,Killdeer,2019,Illinois,breeding,4/26/18,6/28/18,0.0348,40,-89
Charadrius vociferus,Killdeer,2019,Illinois,nonbreeding,12/21/18,1/25/18,0.0099,40,-89
Charadrius vociferus,Killdeer,2019,Illinois,postbreeding_migration,7/13/18,12/14/18,0.0627,40,-89
Charadrius vociferus,Killdeer,2019,Illinois,prebreeding_migration,2/1/18,4/19/18,0.0372,40,-89
Charadrius vociferus,Killdeer,2019,Indiana,breeding,4/26/18,6/28/18,0.0183,40.273502,-86.126976
Charadrius vociferus,Killdeer,2019,Indiana,nonbreeding,12/21/18,1/25/18,0.0061,40.273502,-86.126976
Charadrius vociferus,Killdeer,2019,Indiana,postbreeding_migration,7/13/18,12/14/18,0.0307,40.273502,-86.126976
Charadrius vociferus,Killdeer,2019,Indiana,prebreeding_migration,2/1/18,4/19/18,0.019,40.273502,-86.126976
Charadrius vociferus,Killdeer,2019,Kansas,breeding,4/26/18,6/28/18,0.045,38.5,-98
Charadrius vociferus,Killdeer,2019,Kansas,nonbreeding,12/21/18,1/25/18,3.00E-04,38.5,-98
Charadrius vociferus,Killdeer,2019,Kansas,postbreeding_migration,7/13/18,12/14/18,0.0345,38.5,-98
Charadrius vociferus,Killdeer,2019,Kansas,prebreeding_migration,2/1/18,4/19/18,0.0415,38.5,-98
Charadrius vociferus,Killdeer,2019,Kentucky,breeding,4/26/18,6/28/18,0.0083,37.839333,-84.27002
Charadrius vociferus,Killdeer,2019,Kentucky,nonbreeding,12/21/18,1/25/18,0.0211,37.839333,-84.27002
Charadrius vociferus,Killdeer,2019,Kentucky,postbreeding_migration,7/13/18,12/14/18,0.0141,37.839333,-84.27002
Charadrius vociferus,Killdeer,2019,Kentucky,prebreeding_migration,2/1/18,4/19/18,0.0142,37.839333,-84.27002
Charadrius vociferus,Killdeer,2019,Louisiana,breeding,4/26/18,6/28/18,0.0236,30.39183,-92.329102
Charadrius vociferus,Killdeer,2019,Louisiana,nonbreeding,12/21/18,1/25/18,0.1481,30.39183,-92.329102
Charadrius vociferus,Killdeer,2019,Louisiana,postbreeding_migration,7/13/18,12/14/18,0.0418,30.39183,-92.329102
Charadrius vociferus,Killdeer,2019,Louisiana,prebreeding_migration,2/1/18,4/19/18,0.0657,30.39183,-92.329102
Charadrius vociferus,Killdeer,2019,Massachusetts,breeding,4/26/18,6/28/18,0.001,42.407211,-71.382439
Charadrius vociferus,Killdeer,2019,Massachusetts,nonbreeding,12/21/18,1/25/18,0,42.407211,-71.382439
Charadrius vociferus,Killdeer,2019,Massachusetts,postbreeding_migration,7/13/18,12/14/18,0.001,42.407211,-71.382439
Charadrius vociferus,Killdeer,2019,Massachusetts,prebreeding_migration,2/1/18,4/19/18,8.00E-04,42.407211,-71.382439
Charadrius vociferus,Killdeer,2019,Maryland,breeding,4/26/18,6/28/18,0.0014,39.045753,-76.641273
Charadrius vociferus,Killdeer,2019,Maryland,nonbreeding,12/21/18,1/25/18,0.0035,39.045753,-76.641273
Charadrius vociferus,Killdeer,2019,Maryland,postbreeding_migration,7/13/18,12/14/18,0.0029,39.045753,-76.641273
Charadrius vociferus,Killdeer,2019,Maryland,prebreeding_migration,2/1/18,4/19/18,0.0025,39.045753,-76.641273
Charadrius vociferus,Killdeer,2019,Maine,breeding,4/26/18,6/28/18,8.00E-04,45.367584,-68.972168
Charadrius vociferus,Killdeer,2019,Maine,nonbreeding,12/21/18,1/25/18,0,45.367584,-68.972168
Charadrius vociferus,Killdeer,2019,Maine,postbreeding_migration,7/13/18,12/14/18,3.00E-04,45.367584,-68.972168
Charadrius vociferus,Killdeer,2019,Maine,prebreeding_migration,2/1/18,4/19/18,4.00E-04,45.367584,-68.972168
Charadrius vociferus,Killdeer,2019,Michigan,breeding,4/26/18,6/28/18,0.0106,44.182205,-84.506836
Charadrius vociferus,Killdeer,2019,Michigan,nonbreeding,12/21/18,1/25/18,0,44.182205,-84.506836
Charadrius vociferus,Killdeer,2019,Michigan,postbreeding_migration,7/13/18,12/14/18,0.0109,44.182205,-84.506836
Charadrius vociferus,Killdeer,2019,Michigan,prebreeding_migration,2/1/18,4/19/18,0.0083,44.182205,-84.506836
Charadrius vociferus,Killdeer,2019,Minnesota,breeding,4/26/18,6/28/18,0.0304,46.39241,-94.63623
Charadrius vociferus,Killdeer,2019,Minnesota,nonbreeding,12/21/18,1/25/18,0,46.39241,-94.63623
Charadrius vociferus,Killdeer,2019,Minnesota,postbreeding_migration,7/13/18,12/14/18,0.0173,46.39241,-94.63623
Charadrius vociferus,Killdeer,2019,Minnesota,prebreeding_migration,2/1/18,4/19/18,0.0107,46.39241,-94.63623
Charadrius vociferus,Killdeer,2019,Missouri,breeding,4/26/18,6/28/18,0.0209,38.573936,-92.60376
Charadrius vociferus,Killdeer,2019,Missouri,nonbreeding,12/21/18,1/25/18,0.0165,38.573936,-92.60376
Charadrius vociferus,Killdeer,2019,Missouri,postbreeding_migration,7/13/18,12/14/18,0.0332,38.573936,-92.60376
Charadrius vociferus,Killdeer,2019,Missouri,prebreeding_migration,2/1/18,4/19/18,0.0359,38.573936,-92.60376
Charadrius vociferus,Killdeer,2019,Mississippi,breeding,4/26/18,6/28/18,0.0158,33,-90
Charadrius vociferus,Killdeer,2019,Mississippi,nonbreeding,12/21/18,1/25/18,0.089,33,-90
Charadrius vociferus,Killdeer,2019,Mississippi,postbreeding_migration,7/13/18,12/14/18,0.0397,33,-90
Charadrius vociferus,Killdeer,2019,Mississippi,prebreeding_migration,2/1/18,4/19/18,0.0497,33,-90
Charadrius vociferus,Killdeer,2019,Montana,breeding,4/26/18,6/28/18,0.043,46.96526,-109.533691
Charadrius vociferus,Killdeer,2019,Montana,nonbreeding,12/21/18,1/25/18,1.00E-04,46.96526,-109.533691
Charadrius vociferus,Killdeer,2019,Montana,postbreeding_migration,7/13/18,12/14/18,0.0218,46.96526,-109.533691
Charadrius vociferus,Killdeer,2019,Montana,prebreeding_migration,2/1/18,4/19/18,0.0113,46.96526,-109.533691
Charadrius vociferus,Killdeer,2019,North Carolina,breeding,4/26/18,6/28/18,0.0084,35.782169,-80.793457
Charadrius vociferus,Killdeer,2019,North Carolina,nonbreeding,12/21/18,1/25/18,0.0427,35.782169,-80.793457
Charadrius vociferus,Killdeer,2019,North Carolina,postbreeding_migration,7/13/18,12/14/18,0.0183,35.782169,-80.793457
Charadrius vociferus,Killdeer,2019,North Carolina,prebreeding_migration,2/1/18,4/19/18,0.0176,35.782169,-80.793457
Charadrius vociferus,Killdeer,2019,North Dakota,breeding,4/26/18,6/28/18,0.0576,47.650589,-100.437012
Charadrius vociferus,Killdeer,2019,North Dakota,nonbreeding,12/21/18,1/25/18,0,47.650589,-100.437012
Charadrius vociferus,Killdeer,2019,North Dakota,postbreeding_migration,7/13/18,12/14/18,0.0317,47.650589,-100.437012
Charadrius vociferus,Killdeer,2019,North Dakota,prebreeding_migration,2/1/18,4/19/18,0.0104,47.650589,-100.437012
Charadrius vociferus,Killdeer,2019,Nebraska,breeding,4/26/18,6/28/18,0.0401,41.5,-100
Charadrius vociferus,Killdeer,2019,Nebraska,nonbreeding,12/21/18,1/25/18,0,41.5,-100
Charadrius vociferus,Killdeer,2019,Nebraska,postbreeding_migration,7/13/18,12/14/18,0.0326,41.5,-100
Charadrius vociferus,Killdeer,2019,Nebraska,prebreeding_migration,2/1/18,4/19/18,0.022,41.5,-100
Charadrius vociferus,Killdeer,2019,New Hampshire,breeding,4/26/18,6/28/18,4.00E-04,44,-71.5
Charadrius vociferus,Killdeer,2019,New Hampshire,nonbreeding,12/21/18,1/25/18,0,44,-71.5
Charadrius vociferus,Killdeer,2019,New Hampshire,postbreeding_migration,7/13/18,12/14/18,3.00E-04,44,-71.5
Charadrius vociferus,Killdeer,2019,New Hampshire,prebreeding_migration,2/1/18,4/19/18,3.00E-04,44,-71.5
Charadrius vociferus,Killdeer,2019,New Jersey,breeding,4/26/18,6/28/18,0.0012,39.833851,-74.871826
Charadrius vociferus,Killdeer,2019,New Jersey,nonbreeding,12/21/18,1/25/18,8.00E-04,39.833851,-74.871826
Charadrius vociferus,Killdeer,2019,New Jersey,postbreeding_migration,7/13/18,12/14/18,0.0019,39.833851,-74.871826
Charadrius vociferus,Killdeer,2019,New Jersey,prebreeding_migration,2/1/18,4/19/18,0.0016,39.833851,-74.871826
Charadrius vociferus,Killdeer,2019,New Mexico,breeding,4/26/18,6/28/18,0.0117,34.307144,-106.018066
Charadrius vociferus,Killdeer,2019,New Mexico,nonbreeding,12/21/18,1/25/18,0.0021,34.307144,-106.018066
Charadrius vociferus,Killdeer,2019,New Mexico,postbreeding_migration,7/13/18,12/14/18,0.0069,34.307144,-106.018066
Charadrius vociferus,Killdeer,2019,New Mexico,prebreeding_migration,2/1/18,4/19/18,0.0088,34.307144,-106.018066
Charadrius vociferus,Killdeer,2019,Nevada,breeding,4/26/18,6/28/18,0.0139,39.876019,-117.224121
Charadrius vociferus,Killdeer,2019,Nevada,nonbreeding,12/21/18,1/25/18,7.00E-04,39.876019,-117.224121
Charadrius vociferus,Killdeer,2019,Nevada,postbreeding_migration,7/13/18,12/14/18,0.0084,39.876019,-117.224121
Charadrius vociferus,Killdeer,2019,Nevada,prebreeding_migration,2/1/18,4/19/18,0.0135,39.876019,-117.224121
Charadrius vociferus,Killdeer,2019,New York,breeding,4/26/18,6/28/18,0.005,43,-75
Charadrius vociferus,Killdeer,2019,New York,nonbreeding,12/21/18,1/25/18,1.00E-04,43,-75
Charadrius vociferus,Killdeer,2019,New York,postbreeding_migration,7/13/18,12/14/18,0.0045,43,-75
Charadrius vociferus,Killdeer,2019,New York,prebreeding_migration,2/1/18,4/19/18,0.0047,43,-75
Charadrius vociferus,Killdeer,2019,Ohio,breeding,4/26/18,6/28/18,0.0139,40.367474,-82.996216
Charadrius vociferus,Killdeer,2019,Ohio,nonbreeding,12/21/18,1/25/18,0.0012,40.367474,-82.996216
Charadrius vociferus,Killdeer,2019,Ohio,postbreeding_migration,7/13/18,12/14/18,0.0176,40.367474,-82.996216
Charadrius vociferus,Killdeer,2019,Ohio,prebreeding_migration,2/1/18,4/19/18,0.0144,40.367474,-82.996216
Charadrius vociferus,Killdeer,2019,Oklahoma,breeding,4/26/18,6/28/18,0.0248,36.084621,-96.921387
Charadrius vociferus,Killdeer,2019,Oklahoma,nonbreeding,12/21/18,1/25/18,0.0071,36.084621,-96.921387
Charadrius vociferus,Killdeer,2019,Oklahoma,postbreeding_migration,7/13/18,12/14/18,0.0223,36.084621,-96.921387
Charadrius vociferus,Killdeer,2019,Oklahoma,prebreeding_migration,2/1/18,4/19/18,0.0336,36.084621,-96.921387
Charadrius vociferus,Killdeer,2019,Oregon,breeding,4/26/18,6/28/18,0.0143,44,-120.5
Charadrius vociferus,Killdeer,2019,Oregon,nonbreeding,12/21/18,1/25/18,0.0049,44,-120.5
Charadrius vociferus,Killdeer,2019,Oregon,postbreeding_migration,7/13/18,12/14/18,0.0071,44,-120.5
Charadrius vociferus,Killdeer,2019,Oregon,prebreeding_migration,2/1/18,4/19/18,0.0103,44,-120.5
Charadrius vociferus,Killdeer,2019,Pennsylvania,breeding,4/26/18,6/28/18,0.0049,41.203323,-77.194527
Charadrius vociferus,Killdeer,2019,Pennsylvania,nonbreeding,12/21/18,1/25/18,0.0014,41.203323,-77.194527
Charadrius vociferus,Killdeer,2019,Pennsylvania,postbreeding_migration,7/13/18,12/14/18,0.0058,41.203323,-77.194527
Charadrius vociferus,Killdeer,2019,Pennsylvania,prebreeding_migration,2/1/18,4/19/18,0.0063,41.203323,-77.194527
Charadrius vociferus,Killdeer,2019,Rhode Island,breeding,4/26/18,6/28/18,1.00E-04,41.700001,-71.5
Charadrius vociferus,Killdeer,2019,Rhode Island,nonbreeding,12/21/18,1/25/18,0,41.700001,-71.5
Charadrius vociferus,Killdeer,2019,Rhode Island,postbreeding_migration,7/13/18,12/14/18,2.00E-04,41.700001,-71.5
Charadrius vociferus,Killdeer,2019,Rhode Island,prebreeding_migration,2/1/18,4/19/18,1.00E-04,41.700001,-71.5
Charadrius vociferus,Killdeer,2019,South Carolina,breeding,4/26/18,6/28/18,0.0048,33.836082,-81.163727
Charadrius vociferus,Killdeer,2019,South Carolina,nonbreeding,12/21/18,1/25/18,0.0274,33.836082,-81.163727
Charadrius vociferus,Killdeer,2019,South Carolina,postbreeding_migration,7/13/18,12/14/18,0.0101,33.836082,-81.163727
Charadrius vociferus,Killdeer,2019,South Carolina,prebreeding_migration,2/1/18,4/19/18,0.0144,33.836082,-81.163727
Charadrius vociferus,Killdeer,2019,South Dakota,breeding,4/26/18,6/28/18,0.0463,44.5,-100
Charadrius vociferus,Killdeer,2019,South Dakota,nonbreeding,12/21/18,1/25/18,0,44.5,-100
Charadrius vociferus,Killdeer,2019,South Dakota,postbreeding_migration,7/13/18,12/14/18,0.0316,44.5,-100
Charadrius vociferus,Killdeer,2019,South Dakota,prebreeding_migration,2/1/18,4/19/18,0.0147,44.5,-100
Charadrius vociferus,Killdeer,2019,Tennessee,breeding,4/26/18,6/28/18,0.0087,35.860119,-86.660156
Charadrius vociferus,Killdeer,2019,Tennessee,nonbreeding,12/21/18,1/25/18,0.0348,35.860119,-86.660156
Charadrius vociferus,Killdeer,2019,Tennessee,postbreeding_migration,7/13/18,12/14/18,0.0178,35.860119,-86.660156
Charadrius vociferus,Killdeer,2019,Tennessee,prebreeding_migration,2/1/18,4/19/18,0.0201,35.860119,-86.660156
Charadrius vociferus,Killdeer,2019,Texas,breeding,4/26/18,6/28/18,0.075,31,-100
Charadrius vociferus,Killdeer,2019,Texas,nonbreeding,12/21/18,1/25/18,0.1224,31,-100
Charadrius vociferus,Killdeer,2019,Texas,postbreeding_migration,7/13/18,12/14/18,0.0875,31,-100
Charadrius vociferus,Killdeer,2019,Texas,prebreeding_migration,2/1/18,4/19/18,0.108,31,-100
Charadrius vociferus,Killdeer,2019,Utah,breeding,4/26/18,6/28/18,0.006,39.41922,-111.950684
Charadrius vociferus,Killdeer,2019,Utah,nonbreeding,12/21/18,1/25/18,0.0019,39.41922,-111.950684
Charadrius vociferus,Killdeer,2019,Utah,postbreeding_migration,7/13/18,12/14/18,0.0078,39.41922,-111.950684
Charadrius vociferus,Killdeer,2019,Utah,prebreeding_migration,2/1/18,4/19/18,0.0041,39.41922,-111.950684
Charadrius vociferus,Killdeer,2019,Virginia,breeding,4/26/18,6/28/18,0.004,37.926868,-78.024902
Charadrius vociferus,Killdeer,2019,Virginia,nonbreeding,12/21/18,1/25/18,0.0118,37.926868,-78.024902
Charadrius vociferus,Killdeer,2019,Virginia,postbreeding_migration,7/13/18,12/14/18,0.007,37.926868,-78.024902
Charadrius vociferus,Killdeer,2019,Virginia,prebreeding_migration,2/1/18,4/19/18,0.0078,37.926868,-78.024902
Charadrius vociferus,Killdeer,2019,Vermont,breeding,4/26/18,6/28/18,4.00E-04,44,-72.699997
Charadrius vociferus,Killdeer,2019,Vermont,nonbreeding,12/21/18,1/25/18,0,44,-72.699997
Charadrius vociferus,Killdeer,2019,Vermont,postbreeding_migration,7/13/18,12/14/18,2.00E-04,44,-72.699997
Charadrius vociferus,Killdeer,2019,Vermont,prebreeding_migration,2/1/18,4/19/18,3.00E-04,44,-72.699997
Charadrius vociferus,Killdeer,2019,Washington,breeding,4/26/18,6/28/18,0.0088,47.751076,-120.740135
Charadrius vociferus,Killdeer,2019,Washington,nonbreeding,12/21/18,1/25/18,0.002,47.751076,-120.740135
Charadrius vociferus,Killdeer,2019,Washington,postbreeding_migration,7/13/18,12/14/18,0.006,47.751076,-120.740135
Charadrius vociferus,Killdeer,2019,Washington,prebreeding_migration,2/1/18,4/19/18,0.007,47.751076,-120.740135
Charadrius vociferus,Killdeer,2019,Wisconsin,breeding,4/26/18,6/28/18,0.01,44.5,-89.5
Charadrius vociferus,Killdeer,2019,Wisconsin,nonbreeding,12/21/18,1/25/18,0,44.5,-89.5
Charadrius vociferus,Killdeer,2019,Wisconsin,postbreeding_migration,7/13/18,12/14/18,0.0063,44.5,-89.5
Charadrius vociferus,Killdeer,2019,Wisconsin,prebreeding_migration,2/1/18,4/19/18,0.006,44.5,-89.5
Charadrius vociferus,Killdeer,2019,West Virginia,breeding,4/26/18,6/28/18,9.00E-04,39,-80.5
Charadrius vociferus,Killdeer,2019,West Virginia,nonbreeding,12/21/18,1/25/18,4.00E-04,39,-80.5
Charadrius vociferus,Killdeer,2019,West Virginia,postbreeding_migration,7/13/18,12/14/18,8.00E-04,39,-80.5
Charadrius vociferus,Killdeer,2019,West Virginia,prebreeding_migration,2/1/18,4/19/18,0.0014,39,-80.5
Charadrius vociferus,Killdeer,2019,Wyoming,breeding,4/26/18,6/28/18,0.0176,43.07597,-107.290283
Charadrius vociferus,Killdeer,2019,Wyoming,nonbreeding,12/21/18,1/25/18,0,43.07597,-107.290283
Charadrius vociferus,Killdeer,2019,Wyoming,postbreeding_migration,7/13/18,12/14/18,0.009,43.07597,-107.290283
Charadrius vociferus,Killdeer,2019,Wyoming,prebreeding_migration,2/1/18,4/19/18,0.0063,43.07597,-107.290283